,day_num,place,product,price
0,1,Анор Лондо,Целебные травы,11.689999999999875
1,2,Анор Лондо,Целебные травы,11.689999999999875
2,3,Анор Лондо,Целебные травы,11.689999999999875
3,4,Анор Лондо,Целебные травы,11.549999999999857
4,5,Анор Лондо,Целебные травы,11.549999999999857
5,6,Анор Лондо,Целебные травы,11.549999999999857
6,7,Анор Лондо,Целебные травы,11.549999999999836
7,8,Анор Лондо,Целебные травы,11.549999999999836
8,9,Анор Лондо,Целебные травы,11.549999999999836
9,10,Анор Лондо,Целебные травы,11.469999999999816
10,11,Анор Лондо,Целебные травы,11.469999999999816
11,12,Анор Лондо,Целебные травы,11.469999999999816
12,13,Анор Лондо,Целебные травы,11.509999999999794
13,14,Анор Лондо,Целебные травы,11.509999999999794
14,15,Анор Лондо,Целебные травы,11.509999999999794
15,16,Анор Лондо,Целебные травы,11.549999999999772
16,17,Анор Лондо,Целебные травы,11.549999999999772
17,18,Анор Лондо,Целебные травы,11.549999999999772
18,19,Анор Лондо,Целебные травы,11.479999999999752
19,20,Анор Лондо,Целебные травы,11.479999999999752
20,21,Анор Лондо,Целебные травы,11.479999999999752
21,22,Анор Лондо,Целебные травы,11.549999999999727
22,23,Анор Лондо,Целебные травы,11.549999999999727
23,24,Анор Лондо,Целебные травы,11.549999999999727
24,25,Анор Лондо,Целебные травы,11.549999999999706
25,26,Анор Лондо,Целебные травы,11.549999999999706
26,27,Анор Лондо,Целебные травы,11.549999999999706
27,28,Анор Лондо,Целебные травы,11.75999999999968
28,29,Анор Лондо,Целебные травы,11.75999999999968
29,30,Анор Лондо,Целебные травы,11.75999999999968
30,31,Анор Лондо,Целебные травы,11.76999999999966
31,32,Анор Лондо,Целебные травы,11.76999999999966
32,33,Анор Лондо,Целебные травы,11.76999999999966
33,34,Анор Лондо,Целебные травы,11.929999999999636
34,35,Анор Лондо,Целебные травы,11.929999999999636
35,36,Анор Лондо,Целебные травы,11.929999999999636
36,37,Анор Лондо,Целебные травы,11.979999999999611
37,38,Анор Лондо,Целебные травы,11.979999999999611
38,39,Анор Лондо,Целебные травы,11.979999999999611
39,40,Анор Лондо,Целебные травы,11.98999999999959
40,41,Анор Лондо,Целебные травы,11.98999999999959
41,42,Анор Лондо,Целебные травы,11.98999999999959
42,43,Анор Лондо,Целебные травы,12.059999999999569
43,44,Анор Лондо,Целебные травы,12.059999999999569
44,45,Анор Лондо,Целебные травы,12.059999999999569
45,46,Анор Лондо,Целебные травы,11.96999999999955
46,47,Анор Лондо,Целебные травы,11.96999999999955
47,48,Анор Лондо,Целебные травы,11.96999999999955
48,49,Анор Лондо,Целебные травы,12.019999999999529
49,50,Анор Лондо,Целебные травы,12.019999999999529
50,51,Анор Лондо,Целебные травы,12.019999999999529
51,52,Анор Лондо,Целебные травы,11.829999999999512
52,53,Анор Лондо,Целебные травы,11.829999999999512
53,54,Анор Лондо,Целебные травы,11.829999999999512
54,55,Анор Лондо,Целебные травы,11.84999999999949
55,56,Анор Лондо,Целебные травы,11.84999999999949
56,57,Анор Лондо,Целебные травы,11.84999999999949
57,58,Анор Лондо,Целебные травы,11.909999999999467
58,59,Анор Лондо,Целебные травы,11.909999999999467
59,60,Анор Лондо,Целебные травы,11.909999999999467
60,61,Анор Лондо,Целебные травы,11.799999999999448
61,62,Анор Лондо,Целебные травы,11.799999999999448
62,63,Анор Лондо,Целебные травы,11.799999999999448
63,64,Анор Лондо,Целебные травы,11.849999999999426
64,65,Анор Лондо,Целебные травы,11.849999999999426
65,66,Анор Лондо,Целебные травы,11.849999999999426
66,67,Анор Лондо,Целебные травы,11.919999999999405
67,68,Анор Лондо,Целебные травы,11.919999999999405
68,69,Анор Лондо,Целебные травы,11.919999999999405
69,70,Анор Лондо,Целебные травы,11.989999999999382
70,71,Анор Лондо,Целебные травы,11.989999999999382
71,72,Анор Лондо,Целебные травы,11.989999999999382
72,73,Анор Лондо,Целебные травы,12.03999999999936
73,74,Анор Лондо,Целебные травы,12.03999999999936
74,75,Анор Лондо,Целебные травы,12.03999999999936
75,76,Анор Лондо,Целебные травы,12.119999999999337
76,77,Анор Лондо,Целебные травы,12.119999999999337
77,78,Анор Лондо,Целебные травы,12.119999999999337
78,79,Анор Лондо,Целебные травы,12.179999999999314
79,80,Анор Лондо,Целебные травы,12.179999999999314
80,81,Анор Лондо,Целебные травы,12.179999999999314
81,82,Анор Лондо,Целебные травы,12.209999999999292
82,83,Анор Лондо,Целебные травы,12.209999999999292
83,84,Анор Лондо,Целебные травы,12.209999999999292
84,85,Анор Лондо,Целебные травы,12.349999999999268
85,86,Анор Лондо,Целебные травы,12.349999999999268
86,87,Анор Лондо,Целебные травы,12.349999999999268
87,88,Анор Лондо,Целебные травы,12.349999999999246
88,89,Анор Лондо,Целебные травы,12.349999999999246
89,90,Анор Лондо,Целебные травы,12.349999999999246
90,1,Анор Лондо,Эльфийская пыльца,23.36999999999967
91,2,Анор Лондо,Эльфийская пыльца,23.36999999999967
92,3,Анор Лондо,Эльфийская пыльца,23.36999999999967
93,4,Анор Лондо,Эльфийская пыльца,23.419999999999835
94,5,Анор Лондо,Эльфийская пыльца,23.419999999999835
95,6,Анор Лондо,Эльфийская пыльца,23.419999999999835
96,7,Анор Лондо,Эльфийская пыльца,23.45
97,8,Анор Лондо,Эльфийская пыльца,23.45
98,9,Анор Лондо,Эльфийская пыльца,23.45
99,10,Анор Лондо,Эльфийская пыльца,23.47000000000016
100,11,Анор Лондо,Эльфийская пыльца,23.47000000000016
101,12,Анор Лондо,Эльфийская пыльца,23.47000000000016
102,13,Анор Лондо,Эльфийская пыльца,23.56000000000033
103,14,Анор Лондо,Эльфийская пыльца,23.56000000000033
104,15,Анор Лондо,Эльфийская пыльца,23.56000000000033
105,16,Анор Лондо,Эльфийская пыльца,23.62000000000049
106,17,Анор Лондо,Эльфийская пыльца,23.62000000000049
107,18,Анор Лондо,Эльфийская пыльца,23.62000000000049
108,19,Анор Лондо,Эльфийская пыльца,23.720000000000663
109,20,Анор Лондо,Эльфийская пыльца,23.720000000000663
110,21,Анор Лондо,Эльфийская пыльца,23.720000000000663
111,22,Анор Лондо,Эльфийская пыльца,23.800000000000832
112,23,Анор Лондо,Эльфийская пыльца,23.800000000000832
113,24,Анор Лондо,Эльфийская пыльца,23.800000000000832
114,25,Анор Лондо,Эльфийская пыльца,23.790000000000987
115,26,Анор Лондо,Эльфийская пыльца,23.790000000000987
116,27,Анор Лондо,Эльфийская пыльца,23.790000000000987
117,28,Анор Лондо,Эльфийская пыльца,23.950000000001168
118,29,Анор Лондо,Эльфийская пыльца,23.950000000001168
119,30,Анор Лондо,Эльфийская пыльца,23.950000000001168
120,31,Анор Лондо,Эльфийская пыльца,24.030000000001337
121,32,Анор Лондо,Эльфийская пыльца,24.030000000001337
122,33,Анор Лондо,Эльфийская пыльца,24.030000000001337
123,34,Анор Лондо,Эльфийская пыльца,24.110000000001502
124,35,Анор Лондо,Эльфийская пыльца,24.110000000001502
125,36,Анор Лондо,Эльфийская пыльца,24.110000000001502
126,37,Анор Лондо,Эльфийская пыльца,24.280000000001685
127,38,Анор Лондо,Эльфийская пыльца,24.280000000001685
128,39,Анор Лондо,Эльфийская пыльца,24.280000000001685
129,40,Анор Лондо,Эльфийская пыльца,24.39000000000186
130,41,Анор Лондо,Эльфийская пыльца,24.39000000000186
131,42,Анор Лондо,Эльфийская пыльца,24.39000000000186
132,43,Анор Лондо,Эльфийская пыльца,24.440000000002023
133,44,Анор Лондо,Эльфийская пыльца,24.440000000002023
134,45,Анор Лондо,Эльфийская пыльца,24.440000000002023
135,46,Анор Лондо,Эльфийская пыльца,24.350000000002165
136,47,Анор Лондо,Эльфийская пыльца,24.350000000002165
137,48,Анор Лондо,Эльфийская пыльца,24.350000000002165
138,49,Анор Лондо,Эльфийская пыльца,24.440000000002332
139,50,Анор Лондо,Эльфийская пыльца,24.440000000002332
140,51,Анор Лондо,Эльфийская пыльца,24.440000000002332
141,52,Анор Лондо,Эльфийская пыльца,24.340000000002476
142,53,Анор Лондо,Эльфийская пыльца,24.340000000002476
143,54,Анор Лондо,Эльфийская пыльца,24.340000000002476
144,55,Анор Лондо,Эльфийская пыльца,24.420000000002645
145,56,Анор Лондо,Эльфийская пыльца,24.420000000002645
146,57,Анор Лондо,Эльфийская пыльца,24.420000000002645
147,58,Анор Лондо,Эльфийская пыльца,24.460000000002807
148,59,Анор Лондо,Эльфийская пыльца,24.460000000002807
149,60,Анор Лондо,Эльфийская пыльца,24.460000000002807
150,61,Анор Лондо,Эльфийская пыльца,24.53000000000297
151,62,Анор Лондо,Эльфийская пыльца,24.53000000000297
152,63,Анор Лондо,Эльфийская пыльца,24.53000000000297
153,64,Анор Лондо,Эльфийская пыльца,24.60000000000314
154,65,Анор Лондо,Эльфийская пыльца,24.60000000000314
155,66,Анор Лондо,Эльфийская пыльца,24.60000000000314
156,67,Анор Лондо,Эльфийская пыльца,24.58000000000329
157,68,Анор Лондо,Эльфийская пыльца,24.58000000000329
158,69,Анор Лондо,Эльфийская пыльца,24.58000000000329
159,70,Анор Лондо,Эльфийская пыльца,24.73000000000347
160,71,Анор Лондо,Эльфийская пыльца,24.73000000000347
161,72,Анор Лондо,Эльфийская пыльца,24.73000000000347
162,73,Анор Лондо,Эльфийская пыльца,24.79000000000364
163,74,Анор Лондо,Эльфийская пыльца,24.79000000000364
164,75,Анор Лондо,Эльфийская пыльца,24.79000000000364
165,76,Анор Лондо,Эльфийская пыльца,24.860000000003808
166,77,Анор Лондо,Эльфийская пыльца,24.860000000003808
167,78,Анор Лондо,Эльфийская пыльца,24.860000000003808
168,79,Анор Лондо,Эльфийская пыльца,25.02000000000399
169,80,Анор Лондо,Эльфийская пыльца,25.02000000000399
170,81,Анор Лондо,Эльфийская пыльца,25.02000000000399
171,82,Анор Лондо,Эльфийская пыльца,25.160000000004167
172,83,Анор Лондо,Эльфийская пыльца,25.160000000004167
173,84,Анор Лондо,Эльфийская пыльца,25.160000000004167
174,85,Анор Лондо,Эльфийская пыльца,25.20000000000433
175,86,Анор Лондо,Эльфийская пыльца,25.20000000000433
176,87,Анор Лондо,Эльфийская пыльца,25.20000000000433
177,88,Анор Лондо,Эльфийская пыльца,25.130000000004475
178,89,Анор Лондо,Эльфийская пыльца,25.130000000004475
179,90,Анор Лондо,Эльфийская пыльца,25.130000000004475
180,1,Анор Лондо,Эстус,13.679999999999804
181,2,Анор Лондо,Эстус,13.679999999999804
182,3,Анор Лондо,Эстус,13.679999999999804
183,4,Анор Лондо,Эстус,13.709999999999782
184,5,Анор Лондо,Эстус,13.709999999999782
185,6,Анор Лондо,Эстус,13.709999999999782
186,7,Анор Лондо,Эстус,13.879999999999756
187,8,Анор Лондо,Эстус,13.879999999999756
188,9,Анор Лондо,Эстус,13.879999999999756
189,10,Анор Лондо,Эстус,13.729999999999738
190,11,Анор Лондо,Эстус,13.729999999999738
191,12,Анор Лондо,Эстус,13.729999999999738
192,13,Анор Лондо,Эстус,13.739999999999716
193,14,Анор Лондо,Эстус,13.739999999999716
194,15,Анор Лондо,Эстус,13.739999999999716
195,16,Анор Лондо,Эстус,13.789999999999694
196,17,Анор Лондо,Эстус,13.789999999999694
197,18,Анор Лондо,Эстус,13.789999999999694
198,19,Анор Лондо,Эстус,13.739999999999672
199,20,Анор Лондо,Эстус,13.739999999999672
200,21,Анор Лондо,Эстус,13.739999999999672
201,22,Анор Лондо,Эстус,13.869999999999647
202,23,Анор Лондо,Эстус,13.869999999999647
203,24,Анор Лондо,Эстус,13.869999999999647
204,25,Анор Лондо,Эстус,13.68999999999963
205,26,Анор Лондо,Эстус,13.68999999999963
206,27,Анор Лондо,Эстус,13.68999999999963
207,28,Анор Лондо,Эстус,13.789999999999608
208,29,Анор Лондо,Эстус,13.789999999999608
209,30,Анор Лондо,Эстус,13.789999999999608
210,31,Анор Лондо,Эстус,13.62999999999959
211,32,Анор Лондо,Эстус,13.62999999999959
212,33,Анор Лондо,Эстус,13.62999999999959
213,34,Анор Лондо,Эстус,13.60999999999957
214,35,Анор Лондо,Эстус,13.60999999999957
215,36,Анор Лондо,Эстус,13.60999999999957
216,37,Анор Лондо,Эстус,13.649999999999547
217,38,Анор Лондо,Эстус,13.649999999999547
218,39,Анор Лондо,Эстус,13.649999999999547
219,40,Анор Лондо,Эстус,13.629999999999526
220,41,Анор Лондо,Эстус,13.629999999999526
221,42,Анор Лондо,Эстус,13.629999999999526
222,43,Анор Лондо,Эстус,13.669999999999504
223,44,Анор Лондо,Эстус,13.669999999999504
224,45,Анор Лондо,Эстус,13.669999999999504
225,46,Анор Лондо,Эстус,13.729999999999482
226,47,Анор Лондо,Эстус,13.729999999999482
227,48,Анор Лондо,Эстус,13.729999999999482
228,49,Анор Лондо,Эстус,13.73999999999946
229,50,Анор Лондо,Эстус,13.73999999999946
230,51,Анор Лондо,Эстус,13.73999999999946
231,52,Анор Лондо,Эстус,13.73999999999944
232,53,Анор Лондо,Эстус,13.73999999999944
233,54,Анор Лондо,Эстус,13.73999999999944
234,55,Анор Лондо,Эстус,13.829999999999416
235,56,Анор Лондо,Эстус,13.829999999999416
236,57,Анор Лондо,Эстус,13.829999999999416
237,58,Анор Лондо,Эстус,13.989999999999393
238,59,Анор Лондо,Эстус,13.989999999999393
239,60,Анор Лондо,Эстус,13.989999999999393
240,61,Анор Лондо,Эстус,14.009999999999373
241,62,Анор Лондо,Эстус,14.009999999999373
242,63,Анор Лондо,Эстус,14.009999999999373
243,64,Анор Лондо,Эстус,14.05999999999935
244,65,Анор Лондо,Эстус,14.05999999999935
245,66,Анор Лондо,Эстус,14.05999999999935
246,67,Анор Лондо,Эстус,14.079999999999329
247,68,Анор Лондо,Эстус,14.079999999999329
248,69,Анор Лондо,Эстус,14.079999999999329
249,70,Анор Лондо,Эстус,14.079999999999307
250,71,Анор Лондо,Эстус,14.079999999999307
251,72,Анор Лондо,Эстус,14.079999999999307
252,73,Анор Лондо,Эстус,14.079999999999286
253,74,Анор Лондо,Эстус,14.079999999999286
254,75,Анор Лондо,Эстус,14.079999999999286
255,76,Анор Лондо,Эстус,14.179999999999264
256,77,Анор Лондо,Эстус,14.179999999999264
257,78,Анор Лондо,Эстус,14.179999999999264
258,79,Анор Лондо,Эстус,14.34999999999924
259,80,Анор Лондо,Эстус,14.34999999999924
260,81,Анор Лондо,Эстус,14.34999999999924
261,82,Анор Лондо,Эстус,14.379999999999216
262,83,Анор Лондо,Эстус,14.379999999999216
263,84,Анор Лондо,Эстус,14.379999999999216
264,85,Анор Лондо,Эстус,14.469999999999192
265,86,Анор Лондо,Эстус,14.469999999999192
266,87,Анор Лондо,Эстус,14.469999999999192
267,88,Анор Лондо,Эстус,14.569999999999167
268,89,Анор Лондо,Эстус,14.569999999999167
269,90,Анор Лондо,Эстус,14.569999999999167
270,1,Врата Балдура,Целебные травы,18.839999999999847
271,2,Врата Балдура,Целебные травы,18.839999999999847
272,3,Врата Балдура,Целебные травы,18.839999999999847
273,4,Врата Балдура,Целебные травы,18.840000000000003
274,5,Врата Балдура,Целебные травы,18.840000000000003
275,6,Врата Балдура,Целебные травы,18.840000000000003
276,7,Врата Балдура,Целебные травы,18.84000000000016
277,8,Врата Балдура,Целебные травы,18.84000000000016
278,9,Врата Балдура,Целебные травы,18.84000000000016
279,10,Врата Балдура,Целебные травы,18.84000000000032
280,11,Врата Балдура,Целебные травы,18.84000000000032
281,12,Врата Балдура,Целебные травы,18.84000000000032
282,13,Врата Балдура,Целебные травы,18.67000000000045
283,14,Врата Балдура,Целебные травы,18.67000000000045
284,15,Врата Балдура,Целебные травы,18.67000000000045
285,16,Врата Балдура,Целебные травы,18.67000000000061
286,17,Врата Балдура,Целебные травы,18.67000000000061
287,18,Врата Балдура,Целебные травы,18.67000000000061
288,19,Врата Балдура,Целебные травы,18.67000000000077
289,20,Врата Балдура,Целебные травы,18.67000000000077
290,21,Врата Балдура,Целебные травы,18.67000000000077
291,22,Врата Балдура,Целебные травы,18.670000000000925
292,23,Врата Балдура,Целебные травы,18.670000000000925
293,24,Врата Балдура,Целебные травы,18.670000000000925
294,25,Врата Балдура,Целебные травы,18.67000000000108
295,26,Врата Балдура,Целебные травы,18.67000000000108
296,27,Врата Балдура,Целебные травы,18.67000000000108
297,28,Врата Балдура,Целебные травы,18.67000000000124
298,29,Врата Балдура,Целебные травы,18.67000000000124
299,30,Врата Балдура,Целебные травы,18.67000000000124
300,31,Врата Балдура,Целебные травы,18.6700000000014
301,32,Врата Балдура,Целебные травы,18.6700000000014
302,33,Врата Балдура,Целебные травы,18.6700000000014
303,34,Врата Балдура,Целебные травы,18.67000000000156
304,35,Врата Балдура,Целебные травы,18.67000000000156
305,36,Врата Балдура,Целебные травы,18.67000000000156
306,37,Врата Балдура,Целебные травы,18.67000000000172
307,38,Врата Балдура,Целебные травы,18.67000000000172
308,39,Врата Балдура,Целебные травы,18.67000000000172
309,40,Врата Балдура,Целебные травы,18.67000000000188
310,41,Врата Балдура,Целебные травы,18.67000000000188
311,42,Врата Балдура,Целебные травы,18.67000000000188
312,43,Врата Балдура,Целебные травы,18.67000000000204
313,44,Врата Балдура,Целебные травы,18.67000000000204
314,45,Врата Балдура,Целебные травы,18.67000000000204
315,46,Врата Балдура,Целебные травы,18.6700000000022
316,47,Врата Балдура,Целебные травы,18.6700000000022
317,48,Врата Балдура,Целебные травы,18.6700000000022
318,49,Врата Балдура,Целебные травы,18.67000000000236
319,50,Врата Балдура,Целебные травы,18.67000000000236
320,51,Врата Балдура,Целебные травы,18.67000000000236
321,52,Врата Балдура,Целебные травы,18.67000000000252
322,53,Врата Балдура,Целебные травы,18.67000000000252
323,54,Врата Балдура,Целебные травы,18.67000000000252
324,55,Врата Балдура,Целебные травы,18.67000000000268
325,56,Врата Балдура,Целебные травы,18.67000000000268
326,57,Врата Балдура,Целебные травы,18.67000000000268
327,58,Врата Балдура,Целебные травы,18.67000000000284
328,59,Врата Балдура,Целебные травы,18.67000000000284
329,60,Врата Балдура,Целебные травы,18.67000000000284
330,61,Врата Балдура,Целебные травы,18.670000000003
331,62,Врата Балдура,Целебные травы,18.670000000003
332,63,Врата Балдура,Целебные травы,18.670000000003
333,64,Врата Балдура,Целебные травы,18.53000000000313
334,65,Врата Балдура,Целебные травы,18.53000000000313
335,66,Врата Балдура,Целебные травы,18.53000000000313
336,67,Врата Балдура,Целебные травы,18.530000000003287
337,68,Врата Балдура,Целебные травы,18.530000000003287
338,69,Врата Балдура,Целебные травы,18.530000000003287
339,70,Врата Балдура,Целебные травы,18.530000000003444
340,71,Врата Балдура,Целебные травы,18.530000000003444
341,72,Врата Балдура,Целебные травы,18.530000000003444
342,73,Врата Балдура,Целебные травы,18.5300000000036
343,74,Врата Балдура,Целебные травы,18.5300000000036
344,75,Врата Балдура,Целебные травы,18.5300000000036
345,76,Врата Балдура,Целебные травы,18.53000000000376
346,77,Врата Балдура,Целебные травы,18.53000000000376
347,78,Врата Балдура,Целебные травы,18.53000000000376
348,79,Врата Балдура,Целебные травы,18.53000000000392
349,80,Врата Балдура,Целебные травы,18.53000000000392
350,81,Врата Балдура,Целебные травы,18.53000000000392
351,82,Врата Балдура,Целебные травы,18.53000000000408
352,83,Врата Балдура,Целебные травы,18.53000000000408
353,84,Врата Балдура,Целебные травы,18.53000000000408
354,85,Врата Балдура,Целебные травы,18.53000000000424
355,86,Врата Балдура,Целебные травы,18.53000000000424
356,87,Врата Балдура,Целебные травы,18.53000000000424
357,88,Врата Балдура,Целебные травы,18.5300000000044
358,89,Врата Балдура,Целебные травы,18.5300000000044
359,90,Врата Балдура,Целебные травы,18.5300000000044
360,1,Врата Балдура,Эльфийская пыльца,31.29999999999967
361,2,Врата Балдура,Эльфийская пыльца,31.29999999999967
362,3,Врата Балдура,Эльфийская пыльца,31.29999999999967
363,4,Врата Балдура,Эльфийская пыльца,31.429999999999847
364,5,Врата Балдура,Эльфийская пыльца,31.429999999999847
365,6,Врата Балдура,Эльфийская пыльца,31.429999999999847
366,7,Врата Балдура,Эльфийская пыльца,31.550000000000026
367,8,Врата Балдура,Эльфийская пыльца,31.550000000000026
368,9,Врата Балдура,Эльфийская пыльца,31.550000000000026
369,10,Врата Балдура,Эльфийская пыльца,31.60000000000019
370,11,Врата Балдура,Эльфийская пыльца,31.60000000000019
371,12,Врата Балдура,Эльфийская пыльца,31.60000000000019
372,13,Врата Балдура,Эльфийская пыльца,31.770000000000373
373,14,Врата Балдура,Эльфийская пыльца,31.770000000000373
374,15,Врата Балдура,Эльфийская пыльца,31.770000000000373
375,16,Врата Балдура,Эльфийская пыльца,31.78000000000053
376,17,Врата Балдура,Эльфийская пыльца,31.78000000000053
377,18,Врата Балдура,Эльфийская пыльца,31.78000000000053
378,19,Врата Балдура,Эльфийская пыльца,31.910000000000707
379,20,Врата Балдура,Эльфийская пыльца,31.910000000000707
380,21,Врата Балдура,Эльфийская пыльца,31.910000000000707
381,22,Врата Балдура,Эльфийская пыльца,31.940000000000868
382,23,Врата Балдура,Эльфийская пыльца,31.940000000000868
383,24,Врата Балдура,Эльфийская пыльца,31.940000000000868
384,25,Врата Балдура,Эльфийская пыльца,32.03000000000104
385,26,Врата Балдура,Эльфийская пыльца,32.03000000000104
386,27,Врата Балдура,Эльфийская пыльца,32.03000000000104
387,28,Врата Балдура,Эльфийская пыльца,32.000000000001194
388,29,Врата Балдура,Эльфийская пыльца,32.000000000001194
389,30,Врата Балдура,Эльфийская пыльца,32.000000000001194
390,31,Врата Балдура,Эльфийская пыльца,32.02000000000135
391,32,Врата Балдура,Эльфийская пыльца,32.02000000000135
392,33,Врата Балдура,Эльфийская пыльца,32.02000000000135
393,34,Врата Балдура,Эльфийская пыльца,32.070000000001514
394,35,Врата Балдура,Эльфийская пыльца,32.070000000001514
395,36,Врата Балдура,Эльфийская пыльца,32.070000000001514
396,37,Врата Балдура,Эльфийская пыльца,32.09000000000167
397,38,Врата Балдура,Эльфийская пыльца,32.09000000000167
398,39,Врата Балдура,Эльфийская пыльца,32.09000000000167
399,40,Врата Балдура,Эльфийская пыльца,32.190000000001845
400,41,Врата Балдура,Эльфийская пыльца,32.190000000001845
401,42,Врата Балдура,Эльфийская пыльца,32.190000000001845
402,43,Врата Балдура,Эльфийская пыльца,32.210000000002005
403,44,Врата Балдура,Эльфийская пыльца,32.210000000002005
404,45,Врата Балдура,Эльфийская пыльца,32.210000000002005
405,46,Врата Балдура,Эльфийская пыльца,32.280000000002175
406,47,Врата Балдура,Эльфийская пыльца,32.280000000002175
407,48,Врата Балдура,Эльфийская пыльца,32.280000000002175
408,49,Врата Балдура,Эльфийская пыльца,32.34000000000234
409,50,Врата Балдура,Эльфийская пыльца,32.34000000000234
410,51,Врата Балдура,Эльфийская пыльца,32.34000000000234
411,52,Врата Балдура,Эльфийская пыльца,32.3900000000025
412,53,Врата Балдура,Эльфийская пыльца,32.3900000000025
413,54,Врата Балдура,Эльфийская пыльца,32.3900000000025
414,55,Врата Балдура,Эльфийская пыльца,32.42000000000266
415,56,Врата Балдура,Эльфийская пыльца,32.42000000000266
416,57,Врата Балдура,Эльфийская пыльца,32.42000000000266
417,58,Врата Балдура,Эльфийская пыльца,32.420000000002815
418,59,Врата Балдура,Эльфийская пыльца,32.420000000002815
419,60,Врата Балдура,Эльфийская пыльца,32.420000000002815
420,61,Врата Балдура,Эльфийская пыльца,32.46000000000298
421,62,Врата Балдура,Эльфийская пыльца,32.46000000000298
422,63,Врата Балдура,Эльфийская пыльца,32.46000000000298
423,64,Врата Балдура,Эльфийская пыльца,32.39000000000313
424,65,Врата Балдура,Эльфийская пыльца,32.39000000000313
425,66,Врата Балдура,Эльфийская пыльца,32.39000000000313
426,67,Врата Балдура,Эльфийская пыльца,32.440000000003295
427,68,Врата Балдура,Эльфийская пыльца,32.440000000003295
428,69,Врата Балдура,Эльфийская пыльца,32.440000000003295
429,70,Врата Балдура,Эльфийская пыльца,32.400000000003445
430,71,Врата Балдура,Эльфийская пыльца,32.400000000003445
431,72,Врата Балдура,Эльфийская пыльца,32.400000000003445
432,73,Врата Балдура,Эльфийская пыльца,32.4300000000036
433,74,Врата Балдура,Эльфийская пыльца,32.4300000000036
434,75,Врата Балдура,Эльфийская пыльца,32.4300000000036
435,76,Врата Балдура,Эльфийская пыльца,32.49000000000377
436,77,Врата Балдура,Эльфийская пыльца,32.49000000000377
437,78,Врата Балдура,Эльфийская пыльца,32.49000000000377
438,79,Врата Балдура,Эльфийская пыльца,32.50000000000392
439,80,Врата Балдура,Эльфийская пыльца,32.50000000000392
440,81,Врата Балдура,Эльфийская пыльца,32.50000000000392
441,82,Врата Балдура,Эльфийская пыльца,32.67000000000411
442,83,Врата Балдура,Эльфийская пыльца,32.67000000000411
443,84,Врата Балдура,Эльфийская пыльца,32.67000000000411
444,85,Врата Балдура,Эльфийская пыльца,32.72000000000428
445,86,Врата Балдура,Эльфийская пыльца,32.72000000000428
446,87,Врата Балдура,Эльфийская пыльца,32.72000000000428
447,88,Врата Балдура,Эльфийская пыльца,32.83000000000446
448,89,Врата Балдура,Эльфийская пыльца,32.83000000000446
449,90,Врата Балдура,Эльфийская пыльца,32.83000000000446
450,1,Врата Балдура,Эстус,23.98999999999973
451,2,Врата Балдура,Эстус,23.98999999999973
452,3,Врата Балдура,Эстус,23.98999999999973
453,4,Врата Балдура,Эстус,24.009999999999888
454,5,Врата Балдура,Эстус,24.009999999999888
455,6,Врата Балдура,Эстус,24.009999999999888
456,7,Врата Балдура,Эстус,24.030000000000047
457,8,Врата Балдура,Эстус,24.030000000000047
458,9,Врата Балдура,Эстус,24.030000000000047
459,10,Врата Балдура,Эстус,24.08000000000021
460,11,Врата Балдура,Эстус,24.08000000000021
461,12,Врата Балдура,Эстус,24.08000000000021
462,13,Врата Балдура,Эстус,24.10000000000037
463,14,Врата Балдура,Эстус,24.10000000000037
464,15,Врата Балдура,Эстус,24.10000000000037
465,16,Врата Балдура,Эстус,24.19000000000054
466,17,Врата Балдура,Эстус,24.19000000000054
467,18,Врата Балдура,Эстус,24.19000000000054
468,19,Врата Балдура,Эстус,24.2100000000007
469,20,Врата Балдура,Эстус,24.2100000000007
470,21,Врата Балдура,Эстус,24.2100000000007
471,22,Врата Балдура,Эстус,24.320000000000874
472,23,Врата Балдура,Эстус,24.320000000000874
473,24,Врата Балдура,Эстус,24.320000000000874
474,25,Врата Балдура,Эстус,24.400000000001043
475,26,Врата Балдура,Эстус,24.400000000001043
476,27,Врата Балдура,Эстус,24.400000000001043
477,28,Врата Балдура,Эстус,24.46000000000121
478,29,Врата Балдура,Эстус,24.46000000000121
479,30,Врата Балдура,Эстус,24.46000000000121
480,31,Врата Балдура,Эстус,24.540000000001378
481,32,Врата Балдура,Эстус,24.540000000001378
482,33,Врата Балдура,Эстус,24.540000000001378
483,34,Врата Балдура,Эстус,24.550000000001532
484,35,Врата Балдура,Эстус,24.550000000001532
485,36,Врата Балдура,Эстус,24.550000000001532
486,37,Врата Балдура,Эстус,24.600000000001696
487,38,Врата Балдура,Эстус,24.600000000001696
488,39,Врата Балдура,Эстус,24.600000000001696
489,40,Врата Балдура,Эстус,24.60000000000185
490,41,Врата Балдура,Эстус,24.60000000000185
491,42,Врата Балдура,Эстус,24.60000000000185
492,43,Врата Балдура,Эстус,24.590000000002004
493,44,Врата Балдура,Эстус,24.590000000002004
494,45,Врата Балдура,Эстус,24.590000000002004
495,46,Врата Балдура,Эстус,24.58000000000216
496,47,Врата Балдура,Эстус,24.58000000000216
497,48,Врата Балдура,Эстус,24.58000000000216
498,49,Врата Балдура,Эстус,24.580000000002315
499,50,Врата Балдура,Эстус,24.580000000002315
500,51,Врата Балдура,Эстус,24.580000000002315
501,52,Врата Балдура,Эстус,24.590000000002476
502,53,Врата Балдура,Эстус,24.590000000002476
503,54,Врата Балдура,Эстус,24.590000000002476
504,55,Врата Балдура,Эстус,24.590000000002632
505,56,Врата Балдура,Эстус,24.590000000002632
506,57,Врата Балдура,Эстус,24.590000000002632
507,58,Врата Балдура,Эстус,24.6600000000028
508,59,Врата Балдура,Эстус,24.6600000000028
509,60,Врата Балдура,Эстус,24.6600000000028
510,61,Врата Балдура,Эстус,24.710000000002964
511,62,Врата Балдура,Эстус,24.710000000002964
512,63,Врата Балдура,Эстус,24.710000000002964
513,64,Врата Балдура,Эстус,24.80000000000313
514,65,Врата Балдура,Эстус,24.80000000000313
515,66,Врата Балдура,Эстус,24.80000000000313
516,67,Врата Балдура,Эстус,24.870000000003294
517,68,Врата Балдура,Эстус,24.870000000003294
518,69,Врата Балдура,Эстус,24.870000000003294
519,70,Врата Балдура,Эстус,24.93000000000346
520,71,Врата Балдура,Эстус,24.93000000000346
521,72,Врата Балдура,Эстус,24.93000000000346
522,73,Врата Балдура,Эстус,25.000000000003627
523,74,Врата Балдура,Эстус,25.000000000003627
524,75,Врата Балдура,Эстус,25.000000000003627
525,76,Врата Балдура,Эстус,25.010000000003785
526,77,Врата Балдура,Эстус,25.010000000003785
527,78,Врата Балдура,Эстус,25.010000000003785
528,79,Врата Балдура,Эстус,25.040000000003943
529,80,Врата Балдура,Эстус,25.040000000003943
530,81,Врата Балдура,Эстус,25.040000000003943
531,82,Врата Балдура,Эстус,25.0400000000041
532,83,Врата Балдура,Эстус,25.0400000000041
533,84,Врата Балдура,Эстус,25.0400000000041
534,85,Врата Балдура,Эстус,25.090000000004263
535,86,Врата Балдура,Эстус,25.090000000004263
536,87,Врата Балдура,Эстус,25.090000000004263
537,88,Врата Балдура,Эстус,25.10000000000442
538,89,Врата Балдура,Эстус,25.10000000000442
539,90,Врата Балдура,Эстус,25.10000000000442
540,1,Кеджистан,Целебные травы,19.79999999999981
541,2,Кеджистан,Целебные травы,19.79999999999981
542,3,Кеджистан,Целебные травы,19.79999999999981
543,4,Кеджистан,Целебные травы,19.77999999999996
544,5,Кеджистан,Целебные травы,19.77999999999996
545,6,Кеджистан,Целебные травы,19.77999999999996
546,7,Кеджистан,Целебные травы,19.830000000000123
547,8,Кеджистан,Целебные травы,19.830000000000123
548,9,Кеджистан,Целебные травы,19.830000000000123
549,10,Кеджистан,Целебные травы,19.860000000000284
550,11,Кеджистан,Целебные травы,19.860000000000284
551,12,Кеджистан,Целебные травы,19.860000000000284
552,13,Кеджистан,Целебные травы,19.86000000000044
553,14,Кеджистан,Целебные травы,19.86000000000044
554,15,Кеджистан,Целебные травы,19.86000000000044
555,16,Кеджистан,Целебные травы,19.8900000000006
556,17,Кеджистан,Целебные травы,19.8900000000006
557,18,Кеджистан,Целебные травы,19.8900000000006
558,19,Кеджистан,Целебные травы,19.89000000000076
559,20,Кеджистан,Целебные травы,19.89000000000076
560,21,Кеджистан,Целебные травы,19.89000000000076
561,22,Кеджистан,Целебные травы,19.940000000000925
562,23,Кеджистан,Целебные травы,19.940000000000925
563,24,Кеджистан,Целебные травы,19.940000000000925
564,25,Кеджистан,Целебные травы,19.94000000000108
565,26,Кеджистан,Целебные травы,19.94000000000108
566,27,Кеджистан,Целебные травы,19.94000000000108
567,28,Кеджистан,Целебные травы,20.160000000001272
568,29,Кеджистан,Целебные травы,20.160000000001272
569,30,Кеджистан,Целебные травы,20.160000000001272
570,31,Кеджистан,Целебные травы,20.280000000001447
571,32,Кеджистан,Целебные травы,20.280000000001447
572,33,Кеджистан,Целебные травы,20.280000000001447
573,34,Кеджистан,Целебные травы,20.44000000000163
574,35,Кеджистан,Целебные травы,20.44000000000163
575,36,Кеджистан,Целебные травы,20.44000000000163
576,37,Кеджистан,Целебные травы,20.61000000000181
577,38,Кеджистан,Целебные травы,20.61000000000181
578,39,Кеджистан,Целебные травы,20.61000000000181
579,40,Кеджистан,Целебные травы,20.710000000001983
580,41,Кеджистан,Целебные травы,20.710000000001983
581,42,Кеджистан,Целебные травы,20.710000000001983
582,43,Кеджистан,Целебные травы,20.90000000000217
583,44,Кеджистан,Целебные травы,20.90000000000217
584,45,Кеджистан,Целебные травы,20.90000000000217
585,46,Кеджистан,Целебные травы,20.92000000000233
586,47,Кеджистан,Целебные травы,20.92000000000233
587,48,Кеджистан,Целебные травы,20.92000000000233
588,49,Кеджистан,Целебные травы,21.0200000000025
589,50,Кеджистан,Целебные травы,21.0200000000025
590,51,Кеджистан,Целебные травы,21.0200000000025
591,52,Кеджистан,Целебные травы,21.080000000002663
592,53,Кеджистан,Целебные травы,21.080000000002663
593,54,Кеджистан,Целебные травы,21.080000000002663
594,55,Кеджистан,Целебные травы,21.060000000002816
595,56,Кеджистан,Целебные травы,21.060000000002816
596,57,Кеджистан,Целебные травы,21.060000000002816
597,58,Кеджистан,Целебные травы,21.06000000000297
598,59,Кеджистан,Целебные травы,21.06000000000297
599,60,Кеджистан,Целебные травы,21.06000000000297
600,61,Кеджистан,Целебные травы,20.990000000003118
601,62,Кеджистан,Целебные травы,20.990000000003118
602,63,Кеджистан,Целебные травы,20.990000000003118
603,64,Кеджистан,Целебные травы,21.02000000000328
604,65,Кеджистан,Целебные травы,21.02000000000328
605,66,Кеджистан,Целебные травы,21.02000000000328
606,67,Кеджистан,Целебные травы,20.970000000003427
607,68,Кеджистан,Целебные травы,20.970000000003427
608,69,Кеджистан,Целебные травы,20.970000000003427
609,70,Кеджистан,Целебные травы,21.030000000003596
610,71,Кеджистан,Целебные травы,21.030000000003596
611,72,Кеджистан,Целебные травы,21.030000000003596
612,73,Кеджистан,Целебные травы,21.040000000003754
613,74,Кеджистан,Целебные травы,21.040000000003754
614,75,Кеджистан,Целебные травы,21.040000000003754
615,76,Кеджистан,Целебные травы,21.10000000000392
616,77,Кеджистан,Целебные травы,21.10000000000392
617,78,Кеджистан,Целебные травы,21.10000000000392
618,79,Кеджистан,Целебные травы,21.18000000000409
619,80,Кеджистан,Целебные травы,21.18000000000409
620,81,Кеджистан,Целебные травы,21.18000000000409
621,82,Кеджистан,Целебные травы,21.21000000000425
622,83,Кеджистан,Целебные травы,21.21000000000425
623,84,Кеджистан,Целебные травы,21.21000000000425
624,85,Кеджистан,Целебные травы,21.340000000004427
625,86,Кеджистан,Целебные травы,21.340000000004427
626,87,Кеджистан,Целебные травы,21.340000000004427
627,88,Кеджистан,Целебные травы,21.360000000004582
628,89,Кеджистан,Целебные травы,21.360000000004582
629,90,Кеджистан,Целебные травы,21.360000000004582
630,1,Кеджистан,Эльфийская пыльца,37.63000000000324
631,2,Кеджистан,Эльфийская пыльца,37.63000000000324
632,3,Кеджистан,Эльфийская пыльца,37.63000000000324
633,4,Кеджистан,Эльфийская пыльца,37.69000000000303
634,5,Кеджистан,Эльфийская пыльца,37.69000000000303
635,6,Кеджистан,Эльфийская пыльца,37.69000000000303
636,7,Кеджистан,Эльфийская пыльца,37.72000000000283
637,8,Кеджистан,Эльфийская пыльца,37.72000000000283
638,9,Кеджистан,Эльфийская пыльца,37.72000000000283
639,10,Кеджистан,Эльфийская пыльца,37.84000000000261
640,11,Кеджистан,Эльфийская пыльца,37.84000000000261
641,12,Кеджистан,Эльфийская пыльца,37.84000000000261
642,13,Кеджистан,Эльфийская пыльца,37.8900000000024
643,14,Кеджистан,Эльфийская пыльца,37.8900000000024
644,15,Кеджистан,Эльфийская пыльца,37.8900000000024
645,16,Кеджистан,Эльфийская пыльца,37.97000000000219
646,17,Кеджистан,Эльфийская пыльца,37.97000000000219
647,18,Кеджистан,Эльфийская пыльца,37.97000000000219
648,19,Кеджистан,Эльфийская пыльца,38.05000000000197
649,20,Кеджистан,Эльфийская пыльца,38.05000000000197
650,21,Кеджистан,Эльфийская пыльца,38.05000000000197
651,22,Кеджистан,Эльфийская пыльца,38.15000000000176
652,23,Кеджистан,Эльфийская пыльца,38.15000000000176
653,24,Кеджистан,Эльфийская пыльца,38.15000000000176
654,25,Кеджистан,Эльфийская пыльца,38.24000000000154
655,26,Кеджистан,Эльфийская пыльца,38.24000000000154
656,27,Кеджистан,Эльфийская пыльца,38.24000000000154
657,28,Кеджистан,Эльфийская пыльца,38.28000000000133
658,29,Кеджистан,Эльфийская пыльца,38.28000000000133
659,30,Кеджистан,Эльфийская пыльца,38.28000000000133
660,31,Кеджистан,Эльфийская пыльца,38.38000000000111
661,32,Кеджистан,Эльфийская пыльца,38.38000000000111
662,33,Кеджистан,Эльфийская пыльца,38.38000000000111
663,34,Кеджистан,Эльфийская пыльца,38.4200000000009
664,35,Кеджистан,Эльфийская пыльца,38.4200000000009
665,36,Кеджистан,Эльфийская пыльца,38.4200000000009
666,37,Кеджистан,Эльфийская пыльца,38.46000000000069
667,38,Кеджистан,Эльфийская пыльца,38.46000000000069
668,39,Кеджистан,Эльфийская пыльца,38.46000000000069
669,40,Кеджистан,Эльфийская пыльца,38.51000000000048
670,41,Кеджистан,Эльфийская пыльца,38.51000000000048
671,42,Кеджистан,Эльфийская пыльца,38.51000000000048
672,43,Кеджистан,Эльфийская пыльца,38.58000000000027
673,44,Кеджистан,Эльфийская пыльца,38.58000000000027
674,45,Кеджистан,Эльфийская пыльца,38.58000000000027
675,46,Кеджистан,Эльфийская пыльца,38.64000000000006
676,47,Кеджистан,Эльфийская пыльца,38.64000000000006
677,48,Кеджистан,Эльфийская пыльца,38.64000000000006
678,49,Кеджистан,Эльфийская пыльца,38.67999999999985
679,50,Кеджистан,Эльфийская пыльца,38.67999999999985
680,51,Кеджистан,Эльфийская пыльца,38.67999999999985
681,52,Кеджистан,Эльфийская пыльца,38.78999999999963
682,53,Кеджистан,Эльфийская пыльца,38.78999999999963
683,54,Кеджистан,Эльфийская пыльца,38.78999999999963
684,55,Кеджистан,Эльфийская пыльца,38.82999999999942
685,56,Кеджистан,Эльфийская пыльца,38.82999999999942
686,57,Кеджистан,Эльфийская пыльца,38.82999999999942
687,58,Кеджистан,Эльфийская пыльца,38.90999999999921
688,59,Кеджистан,Эльфийская пыльца,38.90999999999921
689,60,Кеджистан,Эльфийская пыльца,38.90999999999921
690,61,Кеджистан,Эльфийская пыльца,38.969999999999
691,62,Кеджистан,Эльфийская пыльца,38.969999999999
692,63,Кеджистан,Эльфийская пыльца,38.969999999999
693,64,Кеджистан,Эльфийская пыльца,39.079999999998776
694,65,Кеджистан,Эльфийская пыльца,39.079999999998776
695,66,Кеджистан,Эльфийская пыльца,39.079999999998776
696,67,Кеджистан,Эльфийская пыльца,39.16999999999856
697,68,Кеджистан,Эльфийская пыльца,39.16999999999856
698,69,Кеджистан,Эльфийская пыльца,39.16999999999856
699,70,Кеджистан,Эльфийская пыльца,39.22999999999835
700,71,Кеджистан,Эльфийская пыльца,39.22999999999835
701,72,Кеджистан,Эльфийская пыльца,39.22999999999835
702,73,Кеджистан,Эльфийская пыльца,39.35999999999813
703,74,Кеджистан,Эльфийская пыльца,39.35999999999813
704,75,Кеджистан,Эльфийская пыльца,39.35999999999813
705,76,Кеджистан,Эльфийская пыльца,39.41999999999792
706,77,Кеджистан,Эльфийская пыльца,39.41999999999792
707,78,Кеджистан,Эльфийская пыльца,39.41999999999792
708,79,Кеджистан,Эльфийская пыльца,39.5099999999977
709,80,Кеджистан,Эльфийская пыльца,39.5099999999977
710,81,Кеджистан,Эльфийская пыльца,39.5099999999977
711,82,Кеджистан,Эльфийская пыльца,39.58999999999749
712,83,Кеджистан,Эльфийская пыльца,39.58999999999749
713,84,Кеджистан,Эльфийская пыльца,39.58999999999749
714,85,Кеджистан,Эльфийская пыльца,39.69999999999727
715,86,Кеджистан,Эльфийская пыльца,39.69999999999727
716,87,Кеджистан,Эльфийская пыльца,39.69999999999727
717,88,Кеджистан,Эльфийская пыльца,39.77999999999705
718,89,Кеджистан,Эльфийская пыльца,39.77999999999705
719,90,Кеджистан,Эльфийская пыльца,39.77999999999705
720,1,Кеджистан,Эстус,29.25999999999961
721,2,Кеджистан,Эстус,29.25999999999961
722,3,Кеджистан,Эстус,29.25999999999961
723,4,Кеджистан,Эстус,29.20999999999976
724,5,Кеджистан,Эстус,29.20999999999976
725,6,Кеджистан,Эстус,29.20999999999976
726,7,Кеджистан,Эстус,29.089999999999897
727,8,Кеджистан,Эстус,29.089999999999897
728,9,Кеджистан,Эстус,29.089999999999897
729,10,Кеджистан,Эстус,29.050000000000047
730,11,Кеджистан,Эстус,29.050000000000047
731,12,Кеджистан,Эстус,29.050000000000047
732,13,Кеджистан,Эстус,29.060000000000205
733,14,Кеджистан,Эстус,29.060000000000205
734,15,Кеджистан,Эстус,29.060000000000205
735,16,Кеджистан,Эстус,29.12000000000037
736,17,Кеджистан,Эстус,29.12000000000037
737,18,Кеджистан,Эстус,29.12000000000037
738,19,Кеджистан,Эстус,29.13000000000053
739,20,Кеджистан,Эстус,29.13000000000053
740,21,Кеджистан,Эстус,29.13000000000053
741,22,Кеджистан,Эстус,29.440000000000733
742,23,Кеджистан,Эстус,29.440000000000733
743,24,Кеджистан,Эстус,29.440000000000733
744,25,Кеджистан,Эстус,29.530000000000904
745,26,Кеджистан,Эстус,29.530000000000904
746,27,Кеджистан,Эстус,29.530000000000904
747,28,Кеджистан,Эстус,29.85000000000111
748,29,Кеджистан,Эстус,29.85000000000111
749,30,Кеджистан,Эстус,29.85000000000111
750,31,Кеджистан,Эстус,30.00000000000129
751,32,Кеджистан,Эстус,30.00000000000129
752,33,Кеджистан,Эстус,30.00000000000129
753,34,Кеджистан,Эстус,30.10000000000146
754,35,Кеджистан,Эстус,30.10000000000146
755,36,Кеджистан,Эстус,30.10000000000146
756,37,Кеджистан,Эстус,30.28000000000165
757,38,Кеджистан,Эстус,30.28000000000165
758,39,Кеджистан,Эстус,30.28000000000165
759,40,Кеджистан,Эстус,30.30000000000181
760,41,Кеджистан,Эстус,30.30000000000181
761,42,Кеджистан,Эстус,30.30000000000181
762,43,Кеджистан,Эстус,30.350000000001973
763,44,Кеджистан,Эстус,30.350000000001973
764,45,Кеджистан,Эстус,30.350000000001973
765,46,Кеджистан,Эстус,30.36000000000213
766,47,Кеджистан,Эстус,30.36000000000213
767,48,Кеджистан,Эстус,30.36000000000213
768,49,Кеджистан,Эстус,30.38000000000229
769,50,Кеджистан,Эстус,30.38000000000229
770,51,Кеджистан,Эстус,30.38000000000229
771,52,Кеджистан,Эстус,30.40000000000245
772,53,Кеджистан,Эстус,30.40000000000245
773,54,Кеджистан,Эстус,30.40000000000245
774,55,Кеджистан,Эстус,30.45000000000261
775,56,Кеджистан,Эстус,30.45000000000261
776,57,Кеджистан,Эстус,30.45000000000261
777,58,Кеджистан,Эстус,30.6500000000028
778,59,Кеджистан,Эстус,30.6500000000028
779,60,Кеджистан,Эстус,30.6500000000028
780,61,Кеджистан,Эстус,30.66000000000296
781,62,Кеджистан,Эстус,30.66000000000296
782,63,Кеджистан,Эстус,30.66000000000296
783,64,Кеджистан,Эстус,30.92000000000316
784,65,Кеджистан,Эстус,30.92000000000316
785,66,Кеджистан,Эстус,30.92000000000316
786,67,Кеджистан,Эстус,30.93000000000332
787,68,Кеджистан,Эстус,30.93000000000332
788,69,Кеджистан,Эстус,30.93000000000332
789,70,Кеджистан,Эстус,31.160000000003517
790,71,Кеджистан,Эстус,31.160000000003517
791,72,Кеджистан,Эстус,31.160000000003517
792,73,Кеджистан,Эстус,31.220000000003683
793,74,Кеджистан,Эстус,31.220000000003683
794,75,Кеджистан,Эстус,31.220000000003683
795,76,Кеджистан,Эстус,31.26000000000385
796,77,Кеджистан,Эстус,31.26000000000385
797,78,Кеджистан,Эстус,31.26000000000385
798,79,Кеджистан,Эстус,31.41000000000403
799,80,Кеджистан,Эстус,31.41000000000403
800,81,Кеджистан,Эстус,31.41000000000403
801,82,Кеджистан,Эстус,31.4800000000042
802,83,Кеджистан,Эстус,31.4800000000042
803,84,Кеджистан,Эстус,31.4800000000042
804,85,Кеджистан,Эстус,31.550000000004367
805,86,Кеджистан,Эстус,31.550000000004367
806,87,Кеджистан,Эстус,31.550000000004367
807,88,Кеджистан,Эстус,31.610000000004533
808,89,Кеджистан,Эстус,31.610000000004533
809,90,Кеджистан,Эстус,31.610000000004533
810,1,Нокрон,Целебные травы,9.999999999999872
811,2,Нокрон,Целебные травы,9.999999999999872
812,3,Нокрон,Целебные травы,9.999999999999872
813,4,Нокрон,Целебные травы,9.99999999999985
814,5,Нокрон,Целебные травы,9.99999999999985
815,6,Нокрон,Целебные травы,9.99999999999985
816,7,Нокрон,Целебные травы,10.279999999999824
817,8,Нокрон,Целебные травы,10.279999999999824
818,9,Нокрон,Целебные травы,10.279999999999824
819,10,Нокрон,Целебные травы,10.279999999999802
820,11,Нокрон,Целебные травы,10.279999999999802
821,12,Нокрон,Целебные травы,10.279999999999802
822,13,Нокрон,Целебные травы,10.34999999999978
823,14,Нокрон,Целебные травы,10.34999999999978
824,15,Нокрон,Целебные травы,10.34999999999978
825,16,Нокрон,Целебные травы,10.339999999999758
826,17,Нокрон,Целебные травы,10.339999999999758
827,18,Нокрон,Целебные травы,10.339999999999758
828,19,Нокрон,Целебные травы,10.349999999999737
829,20,Нокрон,Целебные травы,10.349999999999737
830,21,Нокрон,Целебные травы,10.349999999999737
831,22,Нокрон,Целебные травы,9.999999999999725
832,23,Нокрон,Целебные травы,9.999999999999725
833,24,Нокрон,Целебные травы,9.999999999999725
834,25,Нокрон,Целебные травы,9.999999999999703
835,26,Нокрон,Целебные травы,9.999999999999703
836,27,Нокрон,Целебные травы,9.999999999999703
837,28,Нокрон,Целебные травы,10.279999999999676
838,29,Нокрон,Целебные травы,10.279999999999676
839,30,Нокрон,Целебные травы,10.279999999999676
840,31,Нокрон,Целебные травы,10.239999999999656
841,32,Нокрон,Целебные травы,10.239999999999656
842,33,Нокрон,Целебные травы,10.239999999999656
843,34,Нокрон,Целебные травы,10.279999999999632
844,35,Нокрон,Целебные травы,10.279999999999632
845,36,Нокрон,Целебные травы,10.279999999999632
846,37,Нокрон,Целебные травы,10.27999999999961
847,38,Нокрон,Целебные травы,10.27999999999961
848,39,Нокрон,Целебные травы,10.27999999999961
849,40,Нокрон,Целебные травы,10.279999999999587
850,41,Нокрон,Целебные травы,10.279999999999587
851,42,Нокрон,Целебные травы,10.279999999999587
852,43,Нокрон,Целебные травы,10.369999999999564
853,44,Нокрон,Целебные травы,10.369999999999564
854,45,Нокрон,Целебные травы,10.369999999999564
855,46,Нокрон,Целебные травы,10.369999999999544
856,47,Нокрон,Целебные травы,10.369999999999544
857,48,Нокрон,Целебные травы,10.369999999999544
858,49,Нокрон,Целебные травы,10.44999999999952
859,50,Нокрон,Целебные травы,10.44999999999952
860,51,Нокрон,Целебные травы,10.44999999999952
861,52,Нокрон,Целебные травы,10.3699999999995
862,53,Нокрон,Целебные травы,10.3699999999995
863,54,Нокрон,Целебные травы,10.3699999999995
864,55,Нокрон,Целебные травы,10.419999999999478
865,56,Нокрон,Целебные травы,10.419999999999478
866,57,Нокрон,Целебные травы,10.419999999999478
867,58,Нокрон,Целебные травы,10.399999999999457
868,59,Нокрон,Целебные травы,10.399999999999457
869,60,Нокрон,Целебные травы,10.399999999999457
870,61,Нокрон,Целебные травы,10.459999999999434
871,62,Нокрон,Целебные травы,10.459999999999434
872,63,Нокрон,Целебные травы,10.459999999999434
873,64,Нокрон,Целебные травы,10.419999999999414
874,65,Нокрон,Целебные травы,10.419999999999414
875,66,Нокрон,Целебные травы,10.419999999999414
876,67,Нокрон,Целебные травы,10.419999999999392
877,68,Нокрон,Целебные травы,10.419999999999392
878,69,Нокрон,Целебные травы,10.419999999999392
879,70,Нокрон,Целебные травы,10.529999999999369
880,71,Нокрон,Целебные травы,10.529999999999369
881,72,Нокрон,Целебные травы,10.529999999999369
882,73,Нокрон,Целебные травы,10.529999999999347
883,74,Нокрон,Целебные травы,10.529999999999347
884,75,Нокрон,Целебные травы,10.529999999999347
885,76,Нокрон,Целебные травы,10.659999999999323
886,77,Нокрон,Целебные травы,10.659999999999323
887,78,Нокрон,Целебные травы,10.659999999999323
888,79,Нокрон,Целебные травы,10.679999999999302
889,80,Нокрон,Целебные травы,10.679999999999302
890,81,Нокрон,Целебные травы,10.679999999999302
891,82,Нокрон,Целебные травы,10.74999999999928
892,83,Нокрон,Целебные травы,10.74999999999928
893,84,Нокрон,Целебные травы,10.74999999999928
894,85,Нокрон,Целебные травы,10.76999999999926
895,86,Нокрон,Целебные травы,10.76999999999926
896,87,Нокрон,Целебные травы,10.76999999999926
897,88,Нокрон,Целебные травы,10.75999999999924
898,89,Нокрон,Целебные травы,10.75999999999924
899,90,Нокрон,Целебные травы,10.75999999999924
900,1,Нокрон,Эльфийская пыльца,19.76999999999978
901,2,Нокрон,Эльфийская пыльца,19.76999999999978
902,3,Нокрон,Эльфийская пыльца,19.76999999999978
903,4,Нокрон,Эльфийская пыльца,19.809999999999945
904,5,Нокрон,Эльфийская пыльца,19.809999999999945
905,6,Нокрон,Эльфийская пыльца,19.809999999999945
906,7,Нокрон,Эльфийская пыльца,19.7900000000001
907,8,Нокрон,Эльфийская пыльца,19.7900000000001
908,9,Нокрон,Эльфийская пыльца,19.7900000000001
909,10,Нокрон,Эльфийская пыльца,19.77000000000025
910,11,Нокрон,Эльфийская пыльца,19.77000000000025
911,12,Нокрон,Эльфийская пыльца,19.77000000000025
912,13,Нокрон,Эльфийская пыльца,19.80000000000041
913,14,Нокрон,Эльфийская пыльца,19.80000000000041
914,15,Нокрон,Эльфийская пыльца,19.80000000000041
915,16,Нокрон,Эльфийская пыльца,19.84000000000057
916,17,Нокрон,Эльфийская пыльца,19.84000000000057
917,18,Нокрон,Эльфийская пыльца,19.84000000000057
918,19,Нокрон,Эльфийская пыльца,19.94000000000074
919,20,Нокрон,Эльфийская пыльца,19.94000000000074
920,21,Нокрон,Эльфийская пыльца,19.94000000000074
921,22,Нокрон,Эльфийская пыльца,19.940000000000897
922,23,Нокрон,Эльфийская пыльца,19.940000000000897
923,24,Нокрон,Эльфийская пыльца,19.940000000000897
924,25,Нокрон,Эльфийская пыльца,20.130000000001083
925,26,Нокрон,Эльфийская пыльца,20.130000000001083
926,27,Нокрон,Эльфийская пыльца,20.130000000001083
927,28,Нокрон,Эльфийская пыльца,20.180000000001247
928,29,Нокрон,Эльфийская пыльца,20.180000000001247
929,30,Нокрон,Эльфийская пыльца,20.180000000001247
930,31,Нокрон,Эльфийская пыльца,20.22000000000141
931,32,Нокрон,Эльфийская пыльца,20.22000000000141
932,33,Нокрон,Эльфийская пыльца,20.22000000000141
933,34,Нокрон,Эльфийская пыльца,20.31000000000158
934,35,Нокрон,Эльфийская пыльца,20.31000000000158
935,36,Нокрон,Эльфийская пыльца,20.31000000000158
936,37,Нокрон,Эльфийская пыльца,20.34000000000174
937,38,Нокрон,Эльфийская пыльца,20.34000000000174
938,39,Нокрон,Эльфийская пыльца,20.34000000000174
939,40,Нокрон,Эльфийская пыльца,20.400000000001903
940,41,Нокрон,Эльфийская пыльца,20.400000000001903
941,42,Нокрон,Эльфийская пыльца,20.400000000001903
942,43,Нокрон,Эльфийская пыльца,20.28000000000204
943,44,Нокрон,Эльфийская пыльца,20.28000000000204
944,45,Нокрон,Эльфийская пыльца,20.28000000000204
945,46,Нокрон,Эльфийская пыльца,20.3100000000022
946,47,Нокрон,Эльфийская пыльца,20.3100000000022
947,48,Нокрон,Эльфийская пыльца,20.3100000000022
948,49,Нокрон,Эльфийская пыльца,20.210000000002346
949,50,Нокрон,Эльфийская пыльца,20.210000000002346
950,51,Нокрон,Эльфийская пыльца,20.210000000002346
951,52,Нокрон,Эльфийская пыльца,20.16000000000249
952,53,Нокрон,Эльфийская пыльца,20.16000000000249
953,54,Нокрон,Эльфийская пыльца,20.16000000000249
954,55,Нокрон,Эльфийская пыльца,20.19000000000265
955,56,Нокрон,Эльфийская пыльца,20.19000000000265
956,57,Нокрон,Эльфийская пыльца,20.19000000000265
957,58,Нокрон,Эльфийская пыльца,20.21000000000281
958,59,Нокрон,Эльфийская пыльца,20.21000000000281
959,60,Нокрон,Эльфийская пыльца,20.21000000000281
960,61,Нокрон,Эльфийская пыльца,20.270000000002977
961,62,Нокрон,Эльфийская пыльца,20.270000000002977
962,63,Нокрон,Эльфийская пыльца,20.270000000002977
963,64,Нокрон,Эльфийская пыльца,20.32000000000314
964,65,Нокрон,Эльфийская пыльца,20.32000000000314
965,66,Нокрон,Эльфийская пыльца,20.32000000000314
966,67,Нокрон,Эльфийская пыльца,20.370000000003305
967,68,Нокрон,Эльфийская пыльца,20.370000000003305
968,69,Нокрон,Эльфийская пыльца,20.370000000003305
969,70,Нокрон,Эльфийская пыльца,20.390000000003464
970,71,Нокрон,Эльфийская пыльца,20.390000000003464
971,72,Нокрон,Эльфийская пыльца,20.390000000003464
972,73,Нокрон,Эльфийская пыльца,20.44000000000363
973,74,Нокрон,Эльфийская пыльца,20.44000000000363
974,75,Нокрон,Эльфийская пыльца,20.44000000000363
975,76,Нокрон,Эльфийская пыльца,20.47000000000379
976,77,Нокрон,Эльфийская пыльца,20.47000000000379
977,78,Нокрон,Эльфийская пыльца,20.47000000000379
978,79,Нокрон,Эльфийская пыльца,20.50000000000395
979,80,Нокрон,Эльфийская пыльца,20.50000000000395
980,81,Нокрон,Эльфийская пыльца,20.50000000000395
981,82,Нокрон,Эльфийская пыльца,20.52000000000411
982,83,Нокрон,Эльфийская пыльца,20.52000000000411
983,84,Нокрон,Эльфийская пыльца,20.52000000000411
984,85,Нокрон,Эльфийская пыльца,20.55000000000427
985,86,Нокрон,Эльфийская пыльца,20.55000000000427
986,87,Нокрон,Эльфийская пыльца,20.55000000000427
987,88,Нокрон,Эльфийская пыльца,20.600000000004435
988,89,Нокрон,Эльфийская пыльца,20.600000000004435
989,90,Нокрон,Эльфийская пыльца,20.600000000004435
990,1,Нокрон,Эстус,12.609999999999827
991,2,Нокрон,Эстус,12.609999999999827
992,3,Нокрон,Эстус,12.609999999999827
993,4,Нокрон,Эстус,12.669999999999805
994,5,Нокрон,Эстус,12.669999999999805
995,6,Нокрон,Эстус,12.669999999999805
996,7,Нокрон,Эстус,12.709999999999782
997,8,Нокрон,Эстус,12.709999999999782
998,9,Нокрон,Эстус,12.709999999999782
999,10,Нокрон,Эстус,12.74999999999976
1000,11,Нокрон,Эстус,12.74999999999976
1001,12,Нокрон,Эстус,12.74999999999976
1002,13,Нокрон,Эстус,12.74999999999974
1003,14,Нокрон,Эстус,12.74999999999974
1004,15,Нокрон,Эстус,12.74999999999974
1005,16,Нокрон,Эстус,12.849999999999715
1006,17,Нокрон,Эстус,12.849999999999715
1007,18,Нокрон,Эстус,12.849999999999715
1008,19,Нокрон,Эстус,12.879999999999692
1009,20,Нокрон,Эстус,12.879999999999692
1010,21,Нокрон,Эстус,12.879999999999692
1011,22,Нокрон,Эстус,12.939999999999667
1012,23,Нокрон,Эстус,12.939999999999667
1013,24,Нокрон,Эстус,12.939999999999667
1014,25,Нокрон,Эстус,13.009999999999645
1015,26,Нокрон,Эстус,13.009999999999645
1016,27,Нокрон,Эстус,13.009999999999645
1017,28,Нокрон,Эстус,13.019999999999625
1018,29,Нокрон,Эстус,13.019999999999625
1019,30,Нокрон,Эстус,13.019999999999625
1020,31,Нокрон,Эстус,13.029999999999603
1021,32,Нокрон,Эстус,13.029999999999603
1022,33,Нокрон,Эстус,13.029999999999603
1023,34,Нокрон,Эстус,13.039999999999582
1024,35,Нокрон,Эстус,13.039999999999582
1025,36,Нокрон,Эстус,13.039999999999582
1026,37,Нокрон,Эстус,13.07999999999956
1027,38,Нокрон,Эстус,13.07999999999956
1028,39,Нокрон,Эстус,13.07999999999956
1029,40,Нокрон,Эстус,13.02999999999954
1030,41,Нокрон,Эстус,13.02999999999954
1031,42,Нокрон,Эстус,13.02999999999954
1032,43,Нокрон,Эстус,13.039999999999518
1033,44,Нокрон,Эстус,13.039999999999518
1034,45,Нокрон,Эстус,13.039999999999518
1035,46,Нокрон,Эстус,13.069999999999496
1036,47,Нокрон,Эстус,13.069999999999496
1037,48,Нокрон,Эстус,13.069999999999496
1038,49,Нокрон,Эстус,13.069999999999474
1039,50,Нокрон,Эстус,13.069999999999474
1040,51,Нокрон,Эстус,13.069999999999474
1041,52,Нокрон,Эстус,13.099999999999453
1042,53,Нокрон,Эстус,13.099999999999453
1043,54,Нокрон,Эстус,13.099999999999453
1044,55,Нокрон,Эстус,13.069999999999432
1045,56,Нокрон,Эстус,13.069999999999432
1046,57,Нокрон,Эстус,13.069999999999432
1047,58,Нокрон,Эстус,13.139999999999407
1048,59,Нокрон,Эстус,13.139999999999407
1049,60,Нокрон,Эстус,13.139999999999407
1050,61,Нокрон,Эстус,13.129999999999386
1051,62,Нокрон,Эстус,13.129999999999386
1052,63,Нокрон,Эстус,13.129999999999386
1053,64,Нокрон,Эстус,13.169999999999364
1054,65,Нокрон,Эстус,13.169999999999364
1055,66,Нокрон,Эстус,13.169999999999364
1056,67,Нокрон,Эстус,13.22999999999934
1057,68,Нокрон,Эстус,13.22999999999934
1058,69,Нокрон,Эстус,13.22999999999934
1059,70,Нокрон,Эстус,13.229999999999318
1060,71,Нокрон,Эстус,13.229999999999318
1061,72,Нокрон,Эстус,13.229999999999318
1062,73,Нокрон,Эстус,13.239999999999297
1063,74,Нокрон,Эстус,13.239999999999297
1064,75,Нокрон,Эстус,13.239999999999297
1065,76,Нокрон,Эстус,13.179999999999277
1066,77,Нокрон,Эстус,13.179999999999277
1067,78,Нокрон,Эстус,13.179999999999277
1068,79,Нокрон,Эстус,13.229999999999254
1069,80,Нокрон,Эстус,13.229999999999254
1070,81,Нокрон,Эстус,13.229999999999254
1071,82,Нокрон,Эстус,13.179999999999234
1072,83,Нокрон,Эстус,13.179999999999234
1073,84,Нокрон,Эстус,13.179999999999234
1074,85,Нокрон,Эстус,13.219999999999212
1075,86,Нокрон,Эстус,13.219999999999212
1076,87,Нокрон,Эстус,13.219999999999212
1077,88,Нокрон,Эстус,13.28999999999919
1078,89,Нокрон,Эстус,13.28999999999919
1079,90,Нокрон,Эстус,13.28999999999919
1080,1,Фалькония,Целебные травы,15.0899999999998
1081,2,Фалькония,Целебные травы,15.0899999999998
1082,3,Фалькония,Целебные травы,15.0899999999998
1083,4,Фалькония,Целебные травы,15.149999999999777
1084,5,Фалькония,Целебные травы,15.149999999999777
1085,6,Фалькония,Целебные травы,15.149999999999777
1086,7,Фалькония,Целебные травы,15.199999999999754
1087,8,Фалькония,Целебные травы,15.199999999999754
1088,9,Фалькония,Целебные травы,15.199999999999754
1089,10,Фалькония,Целебные травы,15.259999999999732
1090,11,Фалькония,Целебные травы,15.259999999999732
1091,12,Фалькония,Целебные травы,15.259999999999732
1092,13,Фалькония,Целебные травы,15.28999999999971
1093,14,Фалькония,Целебные травы,15.28999999999971
1094,15,Фалькония,Целебные травы,15.28999999999971
1095,16,Фалькония,Целебные травы,15.349999999999689
1096,17,Фалькония,Целебные травы,15.349999999999689
1097,18,Фалькония,Целебные травы,15.349999999999689
1098,19,Фалькония,Целебные травы,15.409999999999666
1099,20,Фалькония,Целебные травы,15.409999999999666
1100,21,Фалькония,Целебные травы,15.409999999999666
1101,22,Фалькония,Целебные травы,15.439999999999644
1102,23,Фалькония,Целебные травы,15.439999999999644
1103,24,Фалькония,Целебные травы,15.439999999999644
1104,25,Фалькония,Целебные травы,15.479999999999622
1105,26,Фалькония,Целебные травы,15.479999999999622
1106,27,Фалькония,Целебные травы,15.479999999999622
1107,28,Фалькония,Целебные травы,15.4999999999996
1108,29,Фалькония,Целебные травы,15.4999999999996
1109,30,Фалькония,Целебные травы,15.4999999999996
1110,31,Фалькония,Целебные травы,15.50999999999958
1111,32,Фалькония,Целебные травы,15.50999999999958
1112,33,Фалькония,Целебные травы,15.50999999999958
1113,34,Фалькония,Целебные травы,15.50999999999956
1114,35,Фалькония,Целебные травы,15.50999999999956
1115,36,Фалькония,Целебные травы,15.50999999999956
1116,37,Фалькония,Целебные травы,15.619999999999536
1117,38,Фалькония,Целебные травы,15.619999999999536
1118,39,Фалькония,Целебные травы,15.619999999999536
1119,40,Фалькония,Целебные травы,15.679999999999511
1120,41,Фалькония,Целебные травы,15.679999999999511
1121,42,Фалькония,Целебные травы,15.679999999999511
1122,43,Фалькония,Целебные травы,15.67999999999949
1123,44,Фалькония,Целебные травы,15.67999999999949
1124,45,Фалькония,Целебные травы,15.67999999999949
1125,46,Фалькония,Целебные травы,15.799999999999466
1126,47,Фалькония,Целебные травы,15.799999999999466
1127,48,Фалькония,Целебные травы,15.799999999999466
1128,49,Фалькония,Целебные травы,15.799999999999445
1129,50,Фалькония,Целебные травы,15.799999999999445
1130,51,Фалькония,Целебные травы,15.799999999999445
1131,52,Фалькония,Целебные травы,15.809999999999423
1132,53,Фалькония,Целебные травы,15.809999999999423
1133,54,Фалькония,Целебные травы,15.809999999999423
1134,55,Фалькония,Целебные травы,15.9099999999994
1135,56,Фалькония,Целебные травы,15.9099999999994
1136,57,Фалькония,Целебные травы,15.9099999999994
1137,58,Фалькония,Целебные травы,15.81999999999938
1138,59,Фалькония,Целебные травы,15.81999999999938
1139,60,Фалькония,Целебные травы,15.81999999999938
1140,61,Фалькония,Целебные травы,15.79999999999936
1141,62,Фалькония,Целебные травы,15.79999999999936
1142,63,Фалькония,Целебные травы,15.79999999999936
1143,64,Фалькония,Целебные травы,15.67999999999934
1144,65,Фалькония,Целебные травы,15.67999999999934
1145,66,Фалькония,Целебные травы,15.67999999999934
1146,67,Фалькония,Целебные травы,15.67999999999932
1147,68,Фалькония,Целебные травы,15.67999999999932
1148,69,Фалькония,Целебные травы,15.67999999999932
1149,70,Фалькония,Целебные травы,15.5699999999993
1150,71,Фалькония,Целебные травы,15.5699999999993
1151,72,Фалькония,Целебные травы,15.5699999999993
1152,73,Фалькония,Целебные травы,15.599999999999278
1153,74,Фалькония,Целебные травы,15.599999999999278
1154,75,Фалькония,Целебные травы,15.599999999999278
1155,76,Фалькония,Целебные травы,15.639999999999256
1156,77,Фалькония,Целебные травы,15.639999999999256
1157,78,Фалькония,Целебные травы,15.639999999999256
1158,79,Фалькония,Целебные травы,15.729999999999231
1159,80,Фалькония,Целебные травы,15.729999999999231
1160,81,Фалькония,Целебные травы,15.729999999999231
1161,82,Фалькония,Целебные травы,15.849999999999207
1162,83,Фалькония,Целебные травы,15.849999999999207
1163,84,Фалькония,Целебные травы,15.849999999999207
1164,85,Фалькония,Целебные травы,15.959999999999184
1165,86,Фалькония,Целебные травы,15.959999999999184
1166,87,Фалькония,Целебные травы,15.959999999999184
1167,88,Фалькония,Целебные травы,15.989999999999162
1168,89,Фалькония,Целебные травы,15.989999999999162
1169,90,Фалькония,Целебные травы,15.989999999999162
1170,1,Фалькония,Эльфийская пыльца,23.80999999999965
1171,2,Фалькония,Эльфийская пыльца,23.80999999999965
1172,3,Фалькония,Эльфийская пыльца,23.80999999999965
1173,4,Фалькония,Эльфийская пыльца,23.909999999999823
1174,5,Фалькония,Эльфийская пыльца,23.909999999999823
1175,6,Фалькония,Эльфийская пыльца,23.909999999999823
1176,7,Фалькония,Эльфийская пыльца,23.97999999999999
1177,8,Фалькония,Эльфийская пыльца,23.97999999999999
1178,9,Фалькония,Эльфийская пыльца,23.97999999999999
1179,10,Фалькония,Эльфийская пыльца,24.030000000000157
1180,11,Фалькония,Эльфийская пыльца,24.030000000000157
1181,12,Фалькония,Эльфийская пыльца,24.030000000000157
1182,13,Фалькония,Эльфийская пыльца,24.110000000000326
1183,14,Фалькония,Эльфийская пыльца,24.110000000000326
1184,15,Фалькония,Эльфийская пыльца,24.110000000000326
1185,16,Фалькония,Эльфийская пыльца,23.980000000000462
1186,17,Фалькония,Эльфийская пыльца,23.980000000000462
1187,18,Фалькония,Эльфийская пыльца,23.980000000000462
1188,19,Фалькония,Эльфийская пыльца,24.00000000000062
1189,20,Фалькония,Эльфийская пыльца,24.00000000000062
1190,21,Фалькония,Эльфийская пыльца,24.00000000000062
1191,22,Фалькония,Эльфийская пыльца,24.08000000000079
1192,23,Фалькония,Эльфийская пыльца,24.08000000000079
1193,24,Фалькония,Эльфийская пыльца,24.08000000000079
1194,25,Фалькония,Эльфийская пыльца,24.09000000000095
1195,26,Фалькония,Эльфийская пыльца,24.09000000000095
1196,27,Фалькония,Эльфийская пыльца,24.09000000000095
1197,28,Фалькония,Эльфийская пыльца,24.0600000000011
1198,29,Фалькония,Эльфийская пыльца,24.0600000000011
1199,30,Фалькония,Эльфийская пыльца,24.0600000000011
1200,31,Фалькония,Эльфийская пыльца,24.120000000001266
1201,32,Фалькония,Эльфийская пыльца,24.120000000001266
1202,33,Фалькония,Эльфийская пыльца,24.120000000001266
1203,34,Фалькония,Эльфийская пыльца,24.120000000001426
1204,35,Фалькония,Эльфийская пыльца,24.120000000001426
1205,36,Фалькония,Эльфийская пыльца,24.120000000001426
1206,37,Фалькония,Эльфийская пыльца,24.030000000001568
1207,38,Фалькония,Эльфийская пыльца,24.030000000001568
1208,39,Фалькония,Эльфийская пыльца,24.030000000001568
1209,40,Фалькония,Эльфийская пыльца,24.110000000001737
1210,41,Фалькония,Эльфийская пыльца,24.110000000001737
1211,42,Фалькония,Эльфийская пыльца,24.110000000001737
1212,43,Фалькония,Эльфийская пыльца,24.140000000001898
1213,44,Фалькония,Эльфийская пыльца,24.140000000001898
1214,45,Фалькония,Эльфийская пыльца,24.140000000001898
1215,46,Фалькония,Эльфийская пыльца,24.18000000000206
1216,47,Фалькония,Эльфийская пыльца,24.18000000000206
1217,48,Фалькония,Эльфийская пыльца,24.18000000000206
1218,49,Фалькония,Эльфийская пыльца,24.220000000002223
1219,50,Фалькония,Эльфийская пыльца,24.220000000002223
1220,51,Фалькония,Эльфийская пыльца,24.220000000002223
1221,52,Фалькония,Эльфийская пыльца,24.240000000002382
1222,53,Фалькония,Эльфийская пыльца,24.240000000002382
1223,54,Фалькония,Эльфийская пыльца,24.240000000002382
1224,55,Фалькония,Эльфийская пыльца,24.340000000002554
1225,56,Фалькония,Эльфийская пыльца,24.340000000002554
1226,57,Фалькония,Эльфийская пыльца,24.340000000002554
1227,58,Фалькония,Эльфийская пыльца,24.22000000000269
1228,59,Фалькония,Эльфийская пыльца,24.22000000000269
1229,60,Фалькония,Эльфийская пыльца,24.22000000000269
1230,61,Фалькония,Эльфийская пыльца,24.26000000000285
1231,62,Фалькония,Эльфийская пыльца,24.26000000000285
1232,63,Фалькония,Эльфийская пыльца,24.26000000000285
1233,64,Фалькония,Эльфийская пыльца,24.35000000000302
1234,65,Фалькония,Эльфийская пыльца,24.35000000000302
1235,66,Фалькония,Эльфийская пыльца,24.35000000000302
1236,67,Фалькония,Эльфийская пыльца,24.380000000003182
1237,68,Фалькония,Эльфийская пыльца,24.380000000003182
1238,69,Фалькония,Эльфийская пыльца,24.380000000003182
1239,70,Фалькония,Эльфийская пыльца,24.35000000000333
1240,71,Фалькония,Эльфийская пыльца,24.35000000000333
1241,72,Фалькония,Эльфийская пыльца,24.35000000000333
1242,73,Фалькония,Эльфийская пыльца,24.40000000000349
1243,74,Фалькония,Эльфийская пыльца,24.40000000000349
1244,75,Фалькония,Эльфийская пыльца,24.40000000000349
1245,76,Фалькония,Эльфийская пыльца,24.400000000003647
1246,77,Фалькония,Эльфийская пыльца,24.400000000003647
1247,78,Фалькония,Эльфийская пыльца,24.400000000003647
1248,79,Фалькония,Эльфийская пыльца,24.32000000000379
1249,80,Фалькония,Эльфийская пыльца,24.32000000000379
1250,81,Фалькония,Эльфийская пыльца,24.32000000000379
1251,82,Фалькония,Эльфийская пыльца,24.41000000000396
1252,83,Фалькония,Эльфийская пыльца,24.41000000000396
1253,84,Фалькония,Эльфийская пыльца,24.41000000000396
1254,85,Фалькония,Эльфийская пыльца,24.48000000000413
1255,86,Фалькония,Эльфийская пыльца,24.48000000000413
1256,87,Фалькония,Эльфийская пыльца,24.48000000000413
1257,88,Фалькония,Эльфийская пыльца,24.5700000000043
1258,89,Фалькония,Эльфийская пыльца,24.5700000000043
1259,90,Фалькония,Эльфийская пыльца,24.5700000000043
1260,1,Фалькония,Эстус,17.969999999999715
1261,2,Фалькония,Эстус,17.969999999999715
1262,3,Фалькония,Эстус,17.969999999999715
1263,4,Фалькония,Эстус,18.049999999999883
1264,5,Фалькония,Эстус,18.049999999999883
1265,6,Фалькония,Эстус,18.049999999999883
1266,7,Фалькония,Эстус,18.14000000000005
1267,8,Фалькония,Эстус,18.14000000000005
1268,9,Фалькония,Эстус,18.14000000000005
1269,10,Фалькония,Эстус,18.200000000000216
1270,11,Фалькония,Эстус,18.200000000000216
1271,12,Фалькония,Эстус,18.200000000000216
1272,13,Фалькония,Эстус,18.20000000000037
1273,14,Фалькония,Эстус,18.20000000000037
1274,15,Фалькония,Эстус,18.20000000000037
1275,16,Фалькония,Эстус,18.200000000000525
1276,17,Фалькония,Эстус,18.200000000000525
1277,18,Фалькония,Эстус,18.200000000000525
1278,19,Фалькония,Эстус,18.20000000000068
1279,20,Фалькония,Эстус,18.20000000000068
1280,21,Фалькония,Эстус,18.20000000000068
1281,22,Фалькония,Эстус,18.20000000000084
1282,23,Фалькония,Эстус,18.20000000000084
1283,24,Фалькония,Эстус,18.20000000000084
1284,25,Фалькония,Эстус,18.200000000001
1285,26,Фалькония,Эстус,18.200000000001
1286,27,Фалькония,Эстус,18.200000000001
1287,28,Фалькония,Эстус,18.20000000000116
1288,29,Фалькония,Эстус,18.20000000000116
1289,30,Фалькония,Эстус,18.20000000000116
1290,31,Фалькония,Эстус,18.20000000000132
1291,32,Фалькония,Эстус,18.20000000000132
1292,33,Фалькония,Эстус,18.20000000000132
1293,34,Фалькония,Эстус,18.16000000000147
1294,35,Фалькония,Эстус,18.16000000000147
1295,36,Фалькония,Эстус,18.16000000000147
1296,37,Фалькония,Эстус,18.18000000000163
1297,38,Фалькония,Эстус,18.18000000000163
1298,39,Фалькония,Эстус,18.18000000000163
1299,40,Фалькония,Эстус,18.19000000000179
1300,41,Фалькония,Эстус,18.19000000000179
1301,42,Фалькония,Эстус,18.19000000000179
1302,43,Фалькония,Эстус,18.200000000001943
1303,44,Фалькония,Эстус,18.200000000001943
1304,45,Фалькония,Эстус,18.200000000001943
1305,46,Фалькония,Эстус,18.2000000000021
1306,47,Фалькония,Эстус,18.2000000000021
1307,48,Фалькония,Эстус,18.2000000000021
1308,49,Фалькония,Эстус,18.36000000000228
1309,50,Фалькония,Эстус,18.36000000000228
1310,51,Фалькония,Эстус,18.36000000000228
1311,52,Фалькония,Эстус,18.430000000002448
1312,53,Фалькония,Эстус,18.430000000002448
1313,54,Фалькония,Эстус,18.430000000002448
1314,55,Фалькония,Эстус,18.48000000000261
1315,56,Фалькония,Эстус,18.48000000000261
1316,57,Фалькония,Эстус,18.48000000000261
1317,58,Фалькония,Эстус,18.530000000002776
1318,59,Фалькония,Эстус,18.530000000002776
1319,60,Фалькония,Эстус,18.530000000002776
1320,61,Фалькония,Эстус,18.600000000002943
1321,62,Фалькония,Эстус,18.600000000002943
1322,63,Фалькония,Эстус,18.600000000002943
1323,64,Фалькония,Эстус,18.630000000003104
1324,65,Фалькония,Эстус,18.630000000003104
1325,66,Фалькония,Эстус,18.630000000003104
1326,67,Фалькония,Эстус,18.660000000003265
1327,68,Фалькония,Эстус,18.660000000003265
1328,69,Фалькония,Эстус,18.660000000003265
1329,70,Фалькония,Эстус,18.670000000003423
1330,71,Фалькония,Эстус,18.670000000003423
1331,72,Фалькония,Эстус,18.670000000003423
1332,73,Фалькония,Эстус,18.660000000003578
1333,74,Фалькония,Эстус,18.660000000003578
1334,75,Фалькония,Эстус,18.660000000003578
1335,76,Фалькония,Эстус,18.620000000003728
1336,77,Фалькония,Эстус,18.620000000003728
1337,78,Фалькония,Эстус,18.620000000003728
1338,79,Фалькония,Эстус,18.66000000000389
1339,80,Фалькония,Эстус,18.66000000000389
1340,81,Фалькония,Эстус,18.66000000000389
1341,82,Фалькония,Эстус,18.67000000000405
1342,83,Фалькония,Эстус,18.67000000000405
1343,84,Фалькония,Эстус,18.67000000000405
1344,85,Фалькония,Эстус,18.670000000004205
1345,86,Фалькония,Эстус,18.670000000004205
1346,87,Фалькония,Эстус,18.670000000004205
1347,88,Фалькония,Эстус,18.67000000000436
1348,89,Фалькония,Эстус,18.67000000000436
1349,90,Фалькония,Эстус,18.67000000000436
